Workbook

Sheet Sheet1
A3: Row Labels | B3: avg_salary | C3: numofemployees
A4: Engineering | B4: 87250 | C4: 4
A5: Finance | B5: 95000 | C5: 2
A6: HR | B6: 64666.667 | C6: 3
A7: Marketing | B7: 74000 | C7: 3
A8: Sales | B8: 72666.667 | C8: 3
A9: Grand Total | B9: 78200 | C9: 15

Sheet employees
A1: employee_id | B1: name | C1: department | D1: job_title | E1: salary | F1: status | H1: Department | I1: Avg Salary | J1: HeadCount
A2: 1001 | B2: Ayesha Khan | C2: Engineering | D2: Software Engineer | E2: 92000 | F2: Active | H2: Engineering | I2: =AVERAGEIF($C$2:$C$16, H2, $E$2:$E$16) -> 87250 | J2: =COUNTIF($C$2:$C$16, H2) -> 4
A3: 1002 | B3: Rahul Mehta | C3: Engineering | D3: Senior Engineer | E3: 115000 | F3: Active | H3: Finance | I3: =AVERAGEIF($C$2:$C$16, H3, $E$2:$E$16) -> 95000
A4: 1006 | B4: Vikram Nair | C4: Engineering | D4: Junior Engineer | E4: 68000 | F4: Active | H4: HR | I4: =AVERAGEIF($C$2:$C$16, H4, $E$2:$E$16) -> 64666.667
A5: 1012 | B5: Neha Gupta | C5: Engineering | D5: QA Engineer | E5: 74000 | F5: Active | H5: Marketing | I5: =AVERAGEIF($C$2:$C$16, H5, $E$2:$E$16) -> 74000
A6: 1007 | B6: Sophie Chen | C6: Finance | D6: Financial Analyst | E6: 88000 | F6: Active | H6: Sales | I6: =AVERAGEIF($C$2:$C$16, H6, $E$2:$E$16) -> 72666.667
A7: 1011 | B7: Arjun Patel | C7: Finance | D7: Senior Analyst | E7: 102000 | F7: Active
A8: 1003 | B8: Priya Sharma | C8: HR | D8: HR Manager | E8: 78000 | F8: Active
A9: 1008 | B9: Ananya Das | C9: HR | D9: HR Coordinator | E9: 55000 | F9: Active
A10: 1015 | B10: Tom Bennett | C10: HR | D10: Recruiter | E10: 61000 | F10: Active
A11: 1005 | B11: Linda Torres | C11: Marketing | D11: Marketing Lead | E11: 84000 | F11: Active
A12: 1010 | B12: Emily Clark | C12: Marketing | D12: Content Strategist | E12: 71000 | F12: Active
A13: 1014 | B13: Fatima Al-Sayed | C13: Marketing | D13: Digital Marketer | E13: 67000 | F13: Active
A14: 1004 | B14: James Okafor | C14: Sales | D14: Sales Executive | E14: 62000 | F14: Active
A15: 1009 | B15: Carlos Rivera | C15: Sales | D15: Sales Manager | E15: 97000 | F15: Active
A16: 1013 | B16: Daniel Kim | C16: Sales | D16: Sales Executive | E16: 59000 | F16: Inactive

Sheet employment_details
A1: employee_id | B1: hire_date | C1: employment_type | G1: Hire Date | H1: Years of Service
A2: 1001 | B2: 43174 | C2: Full-time | G2: =VLOOKUP(A2, employment_details!$A$2:$C$16, 2, FALSE) -> 43174 | H2: =DATEDIF(G2, TODAY(), "Y") -> 8
A3: 1002 | B3: 42552 | C3: Full-time | G3: =VLOOKUP(A3,employment_details!$A$2:$A$16:$C$2:$C$16,2,FALSE) -> 42552 | H3: =DATEDIF(G3, TODAY(), "Y") -> 9
A4: 1003 | B4: 43789 | C4: Full-time | G4: =VLOOKUP(A4,employment_details!$A$2:$A$16:$C$2:$C$16,2,FALSE) -> 43789 | H4: =DATEDIF(G4, TODAY(), "Y") -> 6
A5: 1004 | B5: 44326 | C5: Full-time | G5: =VLOOKUP(A5,employment_details!$A$2:$A$16:$C$2:$C$16,2,FALSE) -> 44326 | H5: =DATEDIF(G5, TODAY(), "Y") -> 5
A6: 1005 | B6: 42981 | C6: Full-time | G6: =VLOOKUP(A6,employment_details!$A$2:$A$16:$C$2:$C$16,2,FALSE) -> 42981 | H6: =DATEDIF(G6, TODAY(), "Y") -> 8
A7: 1006 | B7: 44579 | C7: Full-time | G7: =VLOOKUP(A7,employment_details!$A$2:$A$16:$C$2:$C$16,2,FALSE) -> 44579 | H7: =DATEDIF(G7, TODAY(), "Y") -> 4
A8: 1007 | B8: 44007 | C8: Full-time | G8: =VLOOKUP(A8,employment_details!$A$2:$A$16:$C$2:$C$16,2,FALSE) -> 44007 | H8: =DATEDIF(G8, TODAY(), "Y") -> 5
A9: 1008 | B9: 44971 | C9: Full-time | G9: =VLOOKUP(A9,employment_details!$A$2:$A$16:$C$2:$C$16,2,FALSE) -> 44971 | H9: =DATEDIF(G9, TODAY(), "Y") -> 3
A10: 1009 | B10: 42339 | C10: Full-time | G10: =VLOOKUP(A10,employment_details!$A$2:$A$16:$C$2:$C$16,2,FALSE) -> 42339 | H10: =DATEDIF(G10, TODAY(), "Y") -> 10
A11: 1010 | B11: 44438 | C11: Full-time | G11: =VLOOKUP(A11,employment_details!$A$2:$A$16:$C$2:$C$16,2,FALSE) -> 44438 | H11: =DATEDIF(G11, TODAY(), "Y") -> 4
A12: 1011 | B12: 42836 | C12: Full-time | G12: =VLOOKUP(A12,employment_details!$A$2:$A$16:$C$2:$C$16,2,FALSE) -> 42836 | H12: =DATEDIF(G12, TODAY(), "Y") -> 9
A13: 1012 | B13: 44839 | C13: Full-time | G13: =VLOOKUP(A13,employment_details!$A$2:$A$16:$C$2:$C$16,2,FALSE) -> 44839 | H13: =DATEDIF(G13, TODAY(), "Y") -> 3
A14: 1013 | B14: 43912 | C14: Full-time | G14: =VLOOKUP(A14,employment_details!$A$2:$A$16:$C$2:$C$16,2,FALSE) -> 43912 | H14: =DATEDIF(G14, TODAY(), "Y") -> 6
... A16: 1015 | B16: 43661 | C16: Full-time | G16: =VLOOKUP(A16,employment_details!$A$2:$A$16:$C$2:$C$16,2,FALSE) -> 43661 | H16: =DATEDIF(G16, TODAY(), "Y") -> 6

Sheet attrition
A1: employee_id | B1: departure_date | C1: reason | D1: Department | E1: Total Staff | F1: Left | G1: Attrition Rate
A2: 1013 | B2: 45611 | C2: Resigned | D2: Engineering | E2: =COUNTIF(employees!$C$2:$C$17,D2) -> 4 | F2: 2 | G2: =F2/E2 -> 0.5
A3: 1004 | B3: 45524 | C3: Resigned | D3: Sales | E3: =COUNTIF(employees!$C$2:$C$17,D3) -> 3 | F3: 2 | G3: =F3/E3 -> 0.66666667
A4: 1008 | B4: 45453 | C4: Terminated | D4: Marketing | E4: =COUNTIF(employees!$C$2:$C$17,D4) -> 3 | F4: 1 | G4: =F4/E4 -> 0.33333333
A5: 1010 | B5: 45662 | C5: Resigned | D5: HR | E5: =COUNTIF(employees!$C$2:$C$17,D5) -> 3 | F5: 1 | G5: =F5/E5 -> 0.33333333
A6: 1006 | B6: 45565 | C6: Resigned | D6: Finance | E6: =COUNTIF(employees!$C$2:$C$17,D6) -> 2 | F6: 0 | G6: =F6/E6 -> 0
